AmpID,chr,amplicon_start,insert_start,insert_end,amplicon_end,Ref_Genome,fwd_seq,rev_seq,amplicon_seq,review
AMPL904631,chr3,60853,60876,61044,61068,hg19,ACTTTGGGATATGGTCATGAGGT,ACATTAAGGAACAGTTAGGGTTGG,NA,0
AMPL904632,chr3,527007,527036,527228,527250,hg19,GCATTATATTCAACACTTTCAACTTGCAT,ACAAAGAACATGGAAGTGCTCC,NA,0
AMPL903176,chr3,8004599,8004624,8004829,8004854,hg19,ATAACAGTGTCATTGTGTCTTCCCA,AGATATCTTTGGGAATTGGCAGAAT,NA,0
AMPL903177,chr3,11887188,11887215,11887370,11887392,hg19,CAGGATGTTAATCAGAAGACAGACTAC,GCGTGACCAGTGTATTTACCCT,NA,0
AMPL903178,chr3,14577332,14577354,14577536,14577561,hg19,GAAGTTGCTGTAATGCCTGCAG,ATCTGATCTTTCTATGCTGCTCTCC,NA,0
AMPL903179,chr3,17742758,17742778,17742976,17742996,hg19,GGGACCTGAACGAGATCACT,CGCCACCCAGGAGACTTTTT,NA,0
AMPL903180,chr3,20219276,20219300,20219477,20219506,hg19,CATTTGATCCAAGAGAAGGGGAGG,CTTCATACTTTCCTTCAGTCATACTTTTC,NA,0
AMPL903181,chr3,22387978,22388003,22388207,22388231,hg19,TTATCCCAAGAACAACTTACGAGTT,GGTGAGAGAAGGGAACTGAATTTT,NA,0
AMPL903182,chr3,25121405,25121431,25121606,25121631,hg19,TCTGAAAGAGTGTGTATAAACTTGGT,GGAGACAAAGTACATTAGAGGCTGG,NA,0
AMPL903834,chr3,28196282,28196306,28196501,28196525,hg19,GAAACTTAGTGATGGGTTCATGGA,TGGCTTCCTACATATCACTCCATT,NA,0
AMPL903910,chr7,99626199,99626226,99626378,99626403,hg19,ATCCTTGTATCTCACTAACATCATCTG,ATGGTTCAAATGCTGAGACAAAAGT,NA,0
AMPL903835,chr7,99811668,99811690,99811889,99811910,hg19,TCCCTACCTCAAGAATGTGACC,TAAACACAGAGGTGCTGCCCT,NA,0
AMPL903183,chr7,111988910,111988937,111989138,111989159,hg19,GCAGAACCTCTGATACACTATTGTGAA,GAGGTCTATCAGGACAGTGCT,NA,0
AMPL903184,chr7,122798523,122798550,122798716,122798740,hg19,GTGAGAAAGTGCAGAATGTTTAATTGG,TGGTTGCTTTAATGATGTGTGTGT,NA,0
AMPL903185,chr7,129609151,129609174,129609348,129609373,hg19,AGAAACTTCTCTCCTCTCTGGGA,GTTGGTATCTACATCAAAATGGGCT,NA,0
AMPL903186,chr7,134806720,134806746,134806896,134806916,hg19,GAAGTTTCTCAATAGCCTCTTAGCTG,TGGATGATGCCCTTCCACCA,NA,0
AMPL903187,chr7,139681629,139681650,139681804,139681834,hg19,AGTGCCACCAAAATGCAGAGA,AGAAGATTAAGACTTTTAACTGCTTCAAAC,NA,0
AMPL903188,chr7,149831570,149831594,149831745,149831767,hg19,CCATTTACACACACATGAACACGT,AATCATGAAAGCGACCCCTCTG,NA,0
AMPL903189,chr7,154875106,154875133,154875320,154875343,hg19,GACACTCATTATATCAGTTCTCCCAAG,ACACCTCTCTCTGGGTCTATTCT,NA,0
AMPL903190,chr7,158934107,158934129,158934278,158934307,hg19,GGGACACCTGTTTTAGTGACAA,CGTTAACATTTCAACGTATAATCAACCTG,NA,0
AMPL911232,chr10,1263027,1263048,1263201,1263221,hg19,GGAACTTCCTGACGAGGTGTT,CAACCCCACATGGCGCTTAT,NA,0
AMPL911233,chr10,5009187,5009216,5009364,5009393,hg19,ATTGGATTATGTTGACCTCTACCTTATTC,GTATCCCATAGAAAGGAATTAGGAGTTAG,NA,0
AMPL911276,chr10,7615056,7615083,7615232,7615255,hg19,TAAACATCTCTTACTCTCAATCCACAC,AAGCTGTGTTTTGCTCATGTCTC,NA,0
AMPL911234,chr10,12292250,12292272,12292459,12292485,hg19,CTGAGCAGATATCCCAAGGAGC,TCCCCAGGTGAATGTACATGAATATA,NA,0
AMPL911277,chr10,15106331,15106355,15106536,15106559,hg19,TTTTGACTTTCGGTGGATCATCAC,TTTATCCCCATTTCCCTGCTCTC,NA,0
AMPL911278,chr10,17875712,17875732,17875887,17875916,hg19,ACCAGCGTTTCCTACCAGAT,TTGTGCTGTTGACTTCTAAGTTAAATTAT,NA,0
AMPL911235,chr10,21104525,21104554,21104694,21104726,hg19,GATAGTCTAAAATGAAGAAAACCACTTGC,GACCCTGTCTTAAATAAATAAATAAGTCTCTT,NA,0
AMPL911236,chr10,23633523,23633544,23633753,23633777,hg19,GCTTGAATTCCCGAGCTTCTC,AATATTTTGTCCAGGAACGCCTAC,NA,0
AMPL911237,chr10,26355929,26355954,26356140,26356163,hg19,GGGAACTTCAACCGACCTCTAATAT,GCATGAGACTTACAGATGGGAGA,NA,0
AMPL911238,chr10,29577883,29577907,29578084,29578104,hg19,GCAGGATGATACAGCTTTTAGTGC,CGGAAGAAACACTGCTCCAC,NA,0
AMPL911279,chr10,31138783,31138806,31138968,31138994,hg19,TGCTCTAGTGATGGTACTTCCTC,CCTGAAAACCTGAAACTTCCTATTCC,NA,0
AMPL911239,chr10,34620035,34620059,34620220,34620242,hg19,ATAAACTTACAGGTCTCCATGCCT,TGGGTCTGAAGAAGTCAAGCTC,NA,0
AMPL911240,chr10,37440940,37440969,37441119,37441142,hg19,TAGTAGAGAAATGTTGTCATGAATGTTTC,TGAAGAGGCGAGAAAATAAAGCC,NA,0
AMPL903191,chr10,42731517,42731542,42731752,42731775,hg19,AAAAGCCTAGAGGAAGATGTAAGGG,TTTTCTGCTTCTCCTGTTCCCCA,NA,0
AMPL903192,chr10,44402318,44402340,44402503,44402530,hg19,CCTTGGGTCGGAATAACTCAGA,GAAGTGTTCTCAAAATTTTCCCATCTC,NA,0
AMPL904150,chr10,45423126,45423150,45423346,45423369,hg19,GCTCTGGGGAAGCTTAATCAGAAG,ACTAAGGGGCAAGAGAAGAAGGA,NA,0
AMPL904151,chr10,47135105,47135129,47135295,47135316,hg19,TGTCTTAGGAAGAACAGGAGAGGA,AAGAGGCAGCTATTGGACACC,NA,0
AMPL903193,chr10,47591337,47591360,47591545,47591568,hg19,AGGGATATAGGGAAGGAAGGACC,CGTCATTTCCTCTGATGAGTGAG,NA,0
AMPL903194,chr10,50110103,50110125,50110312,50110338,hg19,ACTTGAAGTCTCACATGCCCTG,CTAAATTAATGTCTGATTCGCACACC,NA,0
AMPL903195,chr10,52200077,52200103,52200283,52200313,hg19,TCAACATTCTCCTTCCTAATCCTTTT,ACCTTTAGTGACATTAGTATTACTTAGCAA,NA,0
AMPL903196,chr10,53645375,53645399,53645581,53645603,hg19,ATATCAGATCACTTGCAGTTCCCA,AATCATGTGCTTTGGGAGTAGC,NA,0
AMPL903197,chr10,54570166,54570195,54570346,54570375,hg19,ACCTTCTTTTACATACACAGGAAAACAAT,GGTTGATGATTTCAAAACTCTTTACATGT,NA,0
AMPL903198,chr10,56025708,56025737,56025925,56025953,hg19,CACTCTACCCAACAAACCACAAAATATAT,TAATTTGTTTAGTTTCTGTGTGTGTGTG,NA,0
AMPL903199,chr10,56787950,56787980,56788139,56788161,hg19,AAACCAACAAAAGAGGTTAAGTAAATTGCT,TTTTAGACGTGTCGTTGAGCTC,NA,0
AMPL903200,chr10,60106715,60106738,60106898,60106920,hg19,GGTGTGATCCATCTATGCCTACA,GGTCCAACGTGTAGAAGAGTCT,NA,0
AMPL903201,chr10,60544931,60544955,60545133,60545162,hg19,AAACCAGGAGAAAGTAATGGTGGG,GGCCAATTTCTATTTCTGAAGATGGTATA,NA,0
AMPL903202,chr10,62243772,62243795,62243951,62243979,hg19,CCATGTGCATTCTTTCTGGAGAT,CCCTCAATGATTTTCAGTTTTCCTTATT,NA,0
AMPL903203,chr10,63723348,63723370,63723528,63723552,hg19,CTCGGCAGAGCATCCTAGATTT,AAGGGGCTAGAGTAATGACAGTAA,NA,0
AMPL904152,chr10,64179051,64179076,64179272,64179294,hg19,CTTCTCTGAGCTTCCATTTGCATAT,CGACTTTGTATAAGCCCACCCC,NA,0
AMPL903204,chr10,65660797,65660824,65660986,65661009,hg19,CCATAAACACATTAGTCCTCATAAGCC,AGGTTTCCTGACTCCAAACAGTA,NA,0
AMPL904154,chr10,66072341,66072367,66072537,66072562,hg19,GCACCTGACATAGAACGTATAAACTG,GTTCATGTTTGTTACTGGAAGAGCA,NA,0
AMPL904156,chr10,67605473,67605502,67605682,67605710,hg19,ATTATGACATCACTCTATAATTTGGGCAG,GGATAAATATGGGAGTTGACTTCTTAGA,NA,0
AMPL903205,chr10,68362851,68362878,68363026,68363054,hg19,GCAACTAGGCAAAAGAAACAAAGAAAG,ACTGTTAGTTTGCAGACACACTATTAAT,NA,0
AMPL903206,chr10,68867033,68867055,68867232,68867265,hg19,GGCAAGCCTACATATTTCCCAC,GGATGTTACAATTATTAGCTTCTAAAAAGTTGT,NA,0
AMPL903207,chr10,70216155,70216182,70216388,70216411,hg19,TGTGACTCACAAATCTTAAAGCATTTT,TATCAACTGGCTCAGGAGTTTGA,NA,0
AMPL903208,chr10,71698200,71698221,71698392,71698417,hg19,GGAAGGGATGTTAGCGATCCA,TCCATTGTTTCTCTGCTCTTTATGG,NA,0
AMPL903209,chr10,73217515,73217541,73217741,73217761,hg19,CATTCCTTGCTGGATATACTATGCAG,ACATCCTCGTCCCAATGGCA,NA,0
AMPL903210,chr10,74141010,74141035,74141217,74141242,hg19,AGTGGAGAAAATCAAAAGCTGACTG,CCCAGAACTAGGTTAAAATGTGCAT,NA,0
AMPL904159,chr10,74308672,74308698,74308852,74308878,hg19,CTCTAATGCCTAACCTCAAGAGATCT,CAGAAAGTTCGTAATATTTTGCCCAC,NA,0
AMPL904162,chr10,77081643,77081667,77081850,77081880,hg19,TCAGAGAGGAATTTAAGGAGGCTA,GGTGGTAAATAAAGCTAAAGTATTCCAAAA,NA,0
AMPL903211,chr10,78016215,78016238,78016427,78016451,hg19,ATTCACAGTGGCATATCAAGGGC,ACAACAGAACTCCTGGCAATTACT,NA,0
AMPL903212,chr10,79699925,79699949,79700132,79700157,hg19,ACATAGGATGTCCCGCTTCTAATA,GGTATAGAAATAAACGAAGCCCACA,NA,0
AMPL904164,chr10,80771175,80771198,80771379,80771402,hg19,CTTGCTATCCCATGTGGTTTGTG,CATTTTGACCCAACCTCAGAAGT,NA,0
AMPL903213,chr10,81684962,81684984,81685164,81685189,hg19,TCCTTCTCCCCAGTTCATAAGC,GCAGATACATTTAGAGAGAGGAGCT,NA,0
AMPL904167,chr10,82008448,82008471,82008667,82008690,hg19,TGAACGAGAAGAAAAGGAGAGGC,GTACGTGTGTTCTCTTGTGTGAA,NA,0
AMPL903214,chr10,84334479,84334507,84334710,84334738,hg19,CAAAAGAAGGGATTTGTGTCATTTTGAT,TTTCTCTCTAACTGAAATTTTGTGTCCA,NA,0
AMPL903215,chr10,86005812,86005834,86006036,86006060,hg19,GTCTCCCTTTCCTGAGAACCCT,GCATTTGCCACGATGTAATTCATC,NA,0
AMPL904170,chr10,87574487,87574517,87574672,87574698,hg19,AAGAAGAAATAGATAATGAGATAACCCTCA,CCATTTGGTTTTGGTATGAGCATAAT,NA,0
AMPL903216,chr10,88430365,88430386,88430539,88430561,hg19,AATGGCAGCCCAGAAGCCTTA,GCTTAGGTGATTTGGGGTATGC,NA,0
AMPL903217,chr10,89908857,89908884,89909050,89909075,hg19,CATCTTTAAAACAACCCTGTAAGTCAG,GAGGATTCAATGAAATCTGCTAGGT,NA,0
AMPL904173,chr10,90845909,90845931,90846105,90846130,hg19,TTGTGCTCCATTCCAGAACTTG,CAACCACTTATTGAAACACACACAC,NA,0
AMPL903218,chr10,91628308,91628333,91628519,91628541,hg19,AAGCTAATGTTTGGTAGGTTAGGTG,GTTTCTTTGCTTCCCAATCCCC,NA,0
AMPL904175,chr10,92718176,92718197,92718368,92718391,hg19,CCAAAGAGCTGAGGTTTCGAG,GGGAGGTAGACATTGTGTAGAGA,NA,0
AMPL904176,chr10,93309633,93309657,93309828,93309850,hg19,TGAGACAGCTATTCTTAGGAAGGC,CACAGGCACCCTTTACCTAGTA,NA,0
AMPL904178,chr10,94827024,94827047,94827210,94827232,hg19,GTGATCTCTAGTGCTGGATGACA,TGCTTCCCTAAGGTCTTGTAGG,NA,0
AMPL904179,chr10,95383789,95383817,95383951,95383980,hg19,CATAGTGTCTAGAATTTACACAGTAGGT,GGTATCGTTAGTTATTTTGAACTAGAAGG,NA,0
AMPL903219,chr10,96987334,96987358,96987519,96987544,hg19,TTCTCACCCATAAGACAGATTCCA,CCAGATTCTAACAGCATTTGACTCA,NA,0
AMPL903220,chr10,98235584,98235609,98235821,98235843,hg19,AGATGATTGAATTATGGGACGGGTC,TCTGCTGATAAAGGTGTACCCG,NA,0
AMPL903221,chr10,99585388,99585410,99585596,99585619,hg19,GGCTTAGTACACTAGCCCTTGA,TGGGCCTTCCTATCTTTGTCTAT,NA,0
AMPL903222,chr10,100611831,100611855,100612010,100612035,hg19,CCTCTTTACAGGAAGGTTTTGCAA,TAAGGTCAGAGTGAGAGAGATTCTG,NA,0
AMPL903223,chr10,101755748,101755776,101755964,101755991,hg19,CTGTATGTATTATTGCTACCTGTGAACA,GGTTGAATTTTACCAACATGTTCAAAC,NA,0
AMPL904183,chr10,102740246,102740269,102740453,102740477,hg19,ACTCCTGAGCTGTTCGTATTAGG,ATATTAAGGGTCACAGAGAAGGGC,NA,0
AMPL903224,chr10,104628696,104628721,104628880,104628903,hg19,TGTTAATGGTTCCCTCTATGTGACA,TCTTTCTTCAGTGTGCAGTTCTG,NA,0
AMPL904185,chr10,105591651,105591678,105591866,105591889,hg19,ATGAATATAATCATACAACCTGTGGCC,GCACTTGAAAACTGAGACTTGCA,NA,0
AMPL904186,chr10,106972643,106972669,106972839,106972860,hg19,GTCTAGACCAGTGATGACCAAATTAA,TGGTAGGCAATATGGTAGCGC,NA,0
AMPL903225,chr10,108432504,108432529,108432683,108432708,hg19,GAAAACAGTAGATGGACATTTTGGC,AGCTGGTCAAAGTAGATTACAAGTC,NA,0
AMPL903226,chr10,108557123,108557153,108557315,108557337,hg19,CTCTAAGACTGAAAAGTAAACTACATGATG,CCTGGTTGGTTGTTTCTACCCT,NA,0
AMPL904189,chr10,109755804,109755829,109755989,109756011,hg19,CTTATCTGTAAGTCTCAGCACACAG,GTTCCTGCCTTGGTGTAATACG,NA,0
AMPL903227,chr10,111647860,111647883,111648070,111648093,hg19,TCTGTCCAGATTTTGTCAACGAG,TTTTACAGTTCCTCATCCTGCAC,NA,0
AMPL904190,chr10,112497867,112497888,112498086,112498108,hg19,AAGGTAAGGTGGTGTGATTGC,CTCAGGCCTATAATTGCCCCAG,NA,0
AMPL904193,chr10,114834505,114834529,114834706,114834731,hg19,ATACCAGTTGCCTTTACCTCAGTA,CTCAATGAACACATTAAAGCTGAGC,NA,0
AMPL904194,chr10,115484139,115484165,115484338,115484359,hg19,GTCTGCACATAGTATTTGCTCAAGAA,AACCATGTAGCTAGTTGGCCC,NA,0
AMPL904195,chr10,116534317,116534342,116534506,116534528,hg19,CCACGAGGATAGGTAAAATGAACAA,TCTCTGCTCTGCTCTACCAAAT,NA,0
AMPL904197,chr10,117381817,117381839,117382002,117382024,hg19,ACAAGGGCTTATCTCAGGAGTC,AGATGGGAGGTTAAGAAGCGAG,NA,0
AMPL904199,chr10,118619334,118619357,118619545,118619572,hg19,TAAGAAAGCACCAGAACCAGGAA,TCCCTTAAGTTCCACATTCTATTAGTC,NA,0
AMPL904200,chr10,119105240,119105264,119105429,119105458,hg19,CCTGTGAGAAGGACCAGATGTTAG,GCTGAACCCCTATAGTTCTTTAATCATGT,NA,0
AMPL903228,chr10,120782424,120782448,120782616,120782637,hg19,ACAGTCTCAATCTACAGGTTACCA,CCCTCACACCTCCTTGATCAT,NA,0
AMPL903229,chr10,122482664,122482686,122482869,122482890,hg19,CTCAGCTCACCTTTGTCACATG,AATGTTCGGGAGCCACAGATA,NA,0
AMPL903230,chr10,123772639,123772661,123772862,123772883,hg19,TGTCTGATCACTGGGTCATGAG,AGAGAGGTTGCTTGCCTTCTG,NA,0
AMPL903231,chr10,124796356,124796383,124796570,124796594,hg19,GAAGAGATTCTACATAATGAGAGTCGC,TAAATGTTGCTAAATGTCCGCTGG,NA,0
AMPL904201,chr10,125315485,125315508,125315708,125315729,hg19,CATTTACCGCTTCAAACTGTCCT,AAAGGTATCTCGGTCCCTGAC,NA,0
AMPL904203,chr10,126290511,126290531,126290751,126290773,hg19,ATGCACCACTCCTTCTCCAG,TTAAACCTGGTTCGTCTCCCTC,NA,0
AMPL908197,chr10,126498611,126498635,126498798,126498822,hg19,CACGCCCAGCCATTATGATATTTT,GCACCCAGTTTCAAACCTTTACTT,NA,0
AMPL908198,chr10,126498952,126498972,126499111,126499141,hg19,CAGGCGTGGTGTTGTGCTTC,GAAAGACTAACTATACCGTCTTACACATCG,NA,0
AMPL903232,chr10,126500395,126500416,126500632,126500656,hg19,AATGCAATGGCGCACAATCTT,TTAATTATTTGGGCTGGGTGTGGT,NA,0
AMPL903233,chr10,126501249,126501270,126501471,126501495,hg19,CTGGGAACTTTGGAAAACCCG,CCCAGCCCAAAATGTGATATTCTA,NA,0
AMPL903234,chr10,126502252,126502280,126502486,126502511,hg19,AGTGCTTAGTATTGCAAAACATCTTAGA,AATTAGGATGCAGAATCTTTGTTGC,NA,0
AMPL904601,chr10,126503564,126503591,126503737,126503759,hg19,GAGTAGAACAAGGGTTTAGTCTGTAAC,ATAGCCTTCAAGGACATGGGAC,NA,0
AMPL908199,chr10,126504197,126504222,126504376,126504401,hg19,TATAAAGAAACCCAGACCCTAAGCC,AGTAATAACTCATGACAACTTGGGC,NA,0
AMPL903235,chr10,126505353,126505377,126505540,126505567,hg19,AAGAGTGTCAATTGTGGGCTTAGT,CTACTGTATTCACTTCAACAAACACAA,NA,0
AMPL903236,chr10,126506330,126506353,126506530,126506552,hg19,CGCACCTATTGATTGCTTCAGAG,ACCTTCGTAGACCAGACAGAAG,NA,0
AMPL903237,chr10,126507320,126507343,126507505,126507527,hg19,CTGGTCATGTTGGTCTCTTTTGG,CATTCCATTCTTGCCTCAGTGC,NA,0
AMPL903238,chr10,126508423,126508452,126508594,126508622,hg19,CATTTGCATATGATGTTCTAGTTATGTGT,AAGAGATGGTTAGTAACGGATCTATTTT,NA,0
AMPL903239,chr10,126509332,126509359,126509499,126509522,hg19,CGCAGACGGCCATGAATCTTAATTATA,GGAAAACATGAGACCCCCATCTC,NA,0
AMPL903240,chr10,126510318,126510345,126510516,126510540,hg19,GTTGGTGGAGTCTAAATTAACACAGAG,GGTCTGGTGCAAGGATTAAATGTA,NA,0
AMPL903241,chr10,126511388,126511414,126511572,126511598,hg19,TGTAGTCTTTTCACTAGTAGGTAGGG,GAGAACACGAACATTTGTTTTAGCAC,NA,0
AMPL903242,chr10,126512343,126512370,126512533,126512555,hg19,TCAACATCAGTGACTTAGTTTCTCAGT,GTGATCATGCCATTGTACCAGG,NA,0
AMPL903243,chr10,126513340,126513364,126513537,126513559,hg19,CAAGTAGGAGTTGGGTACAGAGTA,TCATGAGTGACAGCCAAGATGT,NA,0
AMPL903244,chr10,126514382,126514409,126514562,126514586,hg19,CTTACTTAAATTCAGATTCCTGGCTCT,TGAAACTGTTATGCACTCTGGAAG,NA,0
AMPL903245,chr10,126515303,126515329,126515489,126515517,hg19,CCAACAATTCCACTCACGCTTTAGAA,CTAATTTTTGAATTTCACCATGTTGGCC,NA,0
AMPL903246,chr10,126516263,126516285,126516469,126516499,hg19,GTGAAATTGAACCACCTGCTGG,AGATACCCACAGATTACATAATGAAATCTT,NA,0
AMPL903247,chr10,126517361,126517385,126517556,126517586,hg19,AGGAAATACTAGCCAGCAAGAGTA,TCTAGACAATTACCTTACTGTATTCTTCAA,NA,0
AMPL903248,chr10,126518286,126518313,126518473,126518495,hg19,CCCATTTGTGATAGTAGTTTTGCTAGG,TGACTAGGAGTGAACAGGCTCT,NA,0
AMPL903249,chr10,126519366,126519392,126519540,126519573,hg19,GGCCTGCTTTGAAAATACCAAATCAC,GGAATAAGATGCTTTCAACTTTTATTTATTACC,NA,0
AMPL904602,chr10,126520054,126520079,126520242,126520267,hg19,CCATTCAGTATCAGGGAAATGTTGT,CAGCTTTTCTACCTTTCGTCTTCTT,NA,0
AMPL904603,chr10,126520999,126521031,126521224,126521247,hg19,AGGTTAGGGCTAAACTTTTCTAATTTAATAAG,CAGACGAGGTATCACCACTTTGG,NA,0
AMPL903250,chr10,126522376,126522401,126522548,126522578,hg19,CAAGGCTATATGGATTATGTGGGTT,GCTACCTGTCATAATATACCTCTTTCATAA,NA,0
AMPL903251,chr10,126523305,126523328,126523515,126523539,hg19,GCTCTTCCAATTATGCTTCCACC,TAAATCTGGGAGGTCTGAGTGTTC,NA,0
AMPL903252,chr10,126524274,126524298,126524469,126524493,hg19,GGCACATTTATGGTCTCTGTTCTG,TATTCACCAAGATTCCCAAACAGT,NA,0
AMPL903253,chr10,126525383,126525406,126525570,126525592,hg19,GAGACATCCAGGAACACAACTTG,CTACTGTTAGGGAATCCAGGCT,NA,0
AMPL903254,chr10,126526410,126526435,126526622,126526647,hg19,GGTTCTTCTGATCCCTAGAGATTGG,CTGCAAACACTATTTCTTCTGGAGT,NA,0
AMPL903255,chr10,126527338,126527361,126527536,126527561,hg19,AGACTTCAGAAATGGTGGTCACT,CAGTGTCAAGGCAAAACAAAATGTG,NA,0
AMPL904604,chr10,126528175,126528201,126528352,126528379,hg19,TTAGGAGATGTAGACCCTTGTTAGTC,GGTCTTTTGGATGATACACATTCTAGT,NA,0
AMPL908200,chr10,126529510,126529530,126529674,126529699,hg19,TTCAGCCTCCTGAGGACCAC,TTTAAAAGAAGATAGCAGGCCAGGT,NA,0
AMPL903256,chr10,126530441,126530463,126530670,126530694,hg19,GGCCGAGAATCTCCTGCTTTTA,GAAATTATCAGCCCTTCTTCTGCT,NA,0
AMPL903257,chr10,126531301,126531325,126531502,126531529,hg19,TTAACTGTCACTAGCTAAATGGGC,GTTGATGATAGAGATACTGGCTATGTT,NA,0
AMPL904605,chr10,126532505,126532525,126532725,126532758,hg19,GTGTTTCCATTGGCCAGACA,CTGTAATAAAAGATATGTCAGTTAAATCACCTT,NA,0
AMPL904606,chr10,126533580,126533613,126533819,126533849,hg19,ATGTTATTTCAAGTATTATTCATAGGACAACAG,CCAACATACCTAGCCAAAATTTAAGATTTT,NA,0
AMPL903258,chr10,126534338,126534360,126534538,126534560,hg19,TTTTCCTCCGGTTTCACAACTG,ACTTTCAAAATGCTGCTGGTCC,NA,0
AMPL903259,chr10,126535349,126535371,126535545,126535569,hg19,CTTACAACAGTGGGCTTTGGAG,GAGTTTATTGTCTTCCAGGCTTGT,NA,0
AMPL903260,chr10,126536444,126536467,126536639,126536662,hg19,CTGCACTATTTAGTACAGGAGCC,GTCTGTAGTTCCAGCTGCATAGG,NA,0
AMPL903261,chr10,126537418,126537445,126537656,126537677,hg19,CTGGCCCAAGTTTTAAATTTCATTCAA,GACATTCTCCAAGCCCGTCAT,NA,0
AMPL903262,chr10,126538319,126538343,126538522,126538547,hg19,CGTTTTGTTAGCATCTTCTCTCCC,CGGCCAATGTTTTGTTTCTTAATGT,NA,0
AMPL903263,chr10,126695595,126695616,126695775,126695800,hg19,CACGAGGTATGAGGAGACACT,GCTTTCTGCTCTACACAGTTAATGT,NA,0
AMPL903264,chr10,126759183,126759215,126759414,126759437,hg19,GGTGTGAGGTATATGAAATCTGTATTATCATC,CCAACGTGAAATCCTGCCTCTAC,NA,0
AMPL903265,chr10,127165068,127165093,127165247,127165274,hg19,TTTTGTTACAAGGACCCCGTTTTAG,CTCGCTATGTGATGTATCTATTTCCCT,NA,0
AMPL903266,chr10,127379137,127379160,127379317,127379342,hg19,TTCAGTGCATCTTGTCACCAAAC,GATTGTGATTTAGTAGGTCTGGCTG,NA,0
AMPL903267,chr10,127483448,127483475,127483654,127483676,hg19,CCTTAATTTGATCGATATTGTCACCAG,GGAACCACTCCTGTGCTAAAAC,NA,0
AMPL903268,chr10,127484445,127484470,127484664,127484685,hg19,GATTTCAAACCAGCTTGCAATAGAC,ACTATTCCCAGCAGGTACGTG,NA,0
AMPL903269,chr10,127485599,127485624,127485783,127485810,hg19,TTATCCTGGTATTTTCTTGTTCCCG,GGTTTTGAAGCTCTAATAGTCCACATG,NA,0
AMPL903270,chr10,127486438,127486462,127486647,127486671,hg19,GATCCAAAGAAAGGAAAGTGCAGA,CAAAAGAGAAATCCTGCCAAAAGC,NA,0
AMPL903271,chr10,127487467,127487490,127487655,127487677,hg19,TTGTCAAATGCCAGAATCTTCCC,GATGGAAAGGGGTTGTTTTGCT,NA,0
AMPL909241,chr10,127488712,127488736,127488947,127488968,hg19,AAATGATGATACAAGCAGGAGGCA,GAGGATGCCCAGGTAAACCAT,NA,0
AMPL903274,chr10,127489553,127489577,127489734,127489757,hg19,AAAAGTCCTGCATCAATGACACTG,GCTTTTCTTCCATTCCTCCGATC,NA,0
AMPL903275,chr10,127490502,127490524,127490689,127490715,hg19,GTGGGTACAGCTCAATGTCTTC,GTTGTTTCTAGAGAGTCATCATCACC,NA,0
AMPL903276,chr10,127491497,127491520,127491707,127491731,hg19,GCGGCTAAACCCCAGATATTACT,GAACAGAGCTAATAGTGGTAGGCT,NA,0
AMPL903277,chr10,127492559,127492581,127492757,127492780,hg19,TTTCGTTTTCCTCCCTGTTCCA,CTCCATCTCCAACCCTTTGATCA,NA,0
AMPL903278,chr10,127493541,127493566,127493722,127493746,hg19,GTAAACATCTGCCGAACCATATTGA,TGAATAAGCTGTAGTCCCAGAGTG,NA,0
AMPL903279,chr10,127494520,127494542,127494702,127494724,hg19,GTATCTCTGCTGTTCCCTGACT,ACAAGTCTTCCTGCCGTAAGTC,NA,0
AMPL903280,chr10,127495551,127495573,127495744,127495771,hg19,CAGCCCAATCATGAGTCAGTTC,CCAAAGAACTTGACTTGAACATAACAC,NA,0
AMPL903281,chr10,127496520,127496544,127496716,127496738,hg19,CAGAAAGGTGTTATGGCTTGACAT,CCAAGTGTTTGCTGTCTGGAAA,NA,0
AMPL903282,chr10,127497423,127497445,127497630,127497655,hg19,TTTGGTCTAAGGTCTCAGTCCC,TCTTATAGTCCCTTTAACTGTGGCA,NA,0
AMPL903283,chr10,127498506,127498531,127498698,127498721,hg19,AGAAATACTGGCATCTTCTCTCACT,ATCATTAGGAGCCACTTTCCACT,NA,0
AMPL903284,chr10,127499507,127499532,127499692,127499714,hg19,CATGTCCTTTTCCTTCACAACTGAA,TGCTGTCACTGTCCTGTCATAT,NA,0
AMPL903285,chr10,127500457,127500487,127500630,127500656,hg19,ATTTTAATCACTAAGTGCATAATTCAGTGG,ACGATACTACTGATAAGAATGCAGTG,NA,0
AMPL903286,chr10,127501519,127501544,127501726,127501747,hg19,ATGGTTCTTCCTTTCCAAAATCTGG,AGTGCTCACTCCAGTTGTTCT,NA,0
AMPL903168,chr10,127502443,127502466,127502650,127502675,hg19,AAGCCTGGTTAAATGTGGAGACA,TTCCTGTGAGATAGATGTGCTTAGT,NA,0
AMPL903169,chr10,127503482,127503505,127503674,127503696,hg19,CCTGATACCACTAAGCACTCACT,TCTCATCCTGAAGATTACGGGG,NA,0
AMPL903289,chr10,127504446,127504469,127504657,127504683,hg19,AATGAGAGGATGAGTGAAAGGGT,AGAGAGGGACTATTTTACTGTCTTCT,NA,0
AMPL903290,chr10,127505476,127505501,127505650,127505680,hg19,TGCTAAGTAGCTCATAAGCACTTTG,GGACACATTTATCAGTATTGCTTTAGTATT,NA,0
AMPL903291,chr10,127506547,127506573,127506727,127506751,hg19,TATTTCTCCTGGGTTCTAATCTGTGG,GCTTTCAGTGTTTGGGAATGATTG,NA,0
AMPL906221,chr10,127507299,127507324,127507508,127507530,hg19,CAGTTTCAGATTCCTGTACATTGGA,GAGTATGCTTGGGAGAGACCTA,NA,0
AMPL903292,chr10,127508489,127508513,127508686,127508711,hg19,TTGCTCTGCCATTTTACCCTCATA,TCTGAAGAACTCTAATACACCCAGT,NA,0
AMPL903293,chr10,127509538,127509561,127509730,127509756,hg19,GCTCAACACTGGGAACTAATCTG,GAGTATCAAATATCTGTTCGAGTCCC,NA,0
AMPL903294,chr10,127510505,127510528,127510705,127510731,hg19,GAACACGATTATGGGCAATCTGG,GGGTTCATCAGCTTTCTAGGAATAAG,NA,0
AMPL906222,chr10,127511665,127511684,127511893,127511913,hg19,CAGTCCCAGCGAAAAGGCT,ACTCCTCCCAAAGCTTCCCC,NA,1
AMPL903295,chr10,127512437,127512458,127512641,127512662,hg19,CTCGGTCTTTAACACACTGCA,AGAGTGAAGAGGAGGACAGCT,NA,0
AMPL903296,chr10,127513521,127513544,127513702,127513725,hg19,CATGGATGCAGGATTAGAGGTGA,AGACTGTGGTGGTGTGATAGATT,NA,0
AMPL903297,chr10,127514548,127514571,127514729,127514753,hg19,CTCTCTTTGCTGTTTCTCGGTTT,GTAAGGCAGACACAAATGATCCTG,NA,0
AMPL903298,chr10,127515442,127515464,127515645,127515671,hg19,ACCGTTAGTCCTAACTCCTCAG,GAAATAATTCTTCCTTCCAGGCAAGG,NA,0
AMPL903299,chr10,127516600,127516622,127516802,127516827,hg19,ACTGGAGGAATGGAGACTGATC,CCATGTTTGTTATCCTGTTTGCTCA,NA,0
AMPL903300,chr10,127517563,127517588,127517770,127517797,hg19,AAAGAAGCAGGCAGAAGTGATATAG,CATCCTCATTTTCAGAGACAGAAATGG,NA,0
AMPL903301,chr10,127518444,127518467,127518656,127518679,hg19,GTAACTGTGGCTTCTTGGGATTC,TCCAGAACACTTGTCAGTCTTGA,NA,0
AMPL903302,chr10,127519454,127519477,127519640,127519663,hg19,TGATGTTGGTACTGATGCAGGAG,TTATTCTGAGGTGGGTAAGCAGC,NA,0
AMPL903303,chr10,127520431,127520455,127520657,127520682,hg19,AGACTTTGCATCCCCATTTGATTG,TGCTAGATTTCACAGCTACATTTGA,NA,0
AMPL903304,chr10,127521598,127521620,127521771,127521792,hg19,CGAAAATCGTGTGAACCTGGCA,ACATAGCCTTGTGCATCTGGA,NA,0
AMPL903305,chr10,127522601,127522623,127522812,127522836,hg19,GGTCCAAGTCTTTCAAGTGTGG,CTCTCCGCATGGTTTTAGAATGAA,NA,0
AMPL908211,chr10,127524217,127524241,127524428,127524452,hg19,GGGAGTGTGTATGGGTGTTTTAAG,GAGGTGTGCAATTTCTAAGAGGTG,NA,0
AMPL903306,chr10,127585539,127585563,127585716,127585743,hg19,GTTCCATTTACTCCTCCTCCTACT,CTCTTCTTTTCTCTCTCTCTCCTTCAA,NA,0
AMPL904575,chr10,127644790,127644811,127644992,127645016,hg19,GGGGTAAAGGGAGGAAACAAC,CCTGCTCCTTCCCATTTTCTATAC,NA,0
AMPL903307,chr10,127667671,127667692,127667905,127667928,hg19,GTCGCTCATTCGGTCATTGCT,ATACACACAAGAGTGAGTGGCCA,NA,0
AMPL903308,chr10,127706643,127706666,127706837,127706859,hg19,CCTTTGACCGCCTTTATCTCTGA,GTACTCTTCTGACACACATGCC,NA,0
AMPL903309,chr10,127748723,127748748,127748922,127748945,hg19,CAAAGGCATTCTCAAAGTGTATTGC,TCCATTACTCACCCTCCAGATCT,NA,0
AMPL903310,chr10,127822952,127822975,127823155,127823179,hg19,ACAAATACACACCCCAATCTCTG,TATTTGCTCACATGTTCCCCATTG,NA,0
AMPL903311,chr10,127859374,127859398,127859557,127859580,hg19,TCTGTTTCCCAGTAACGATTCTCC,GCCTTTATCCTGGAGAGAAATCC,NA,0
AMPL903312,chr10,127938964,127938989,127939174,127939198,hg19,CGTGTGTGTGTGTAGTCAAGTTTAC,GAATCCCAAGAAGTGTTTTGTCCC,NA,0
AMPL903313,chr10,127998801,127998825,127998997,127999021,hg19,AAACAAGCAGACAGAAGACAGAAC,CTTCTCTTACATTCTCTGGGGTCT,NA,0
AMPL903314,chr10,128183792,128183816,128183986,128184013,hg19,CATTGGATGAGTGTGTTTTGGTTG,GTCTATGTTTGGAGCATTCTATTGACC,NA,0
AMPL903315,chr10,128263165,128263189,128263396,128263421,hg19,GCAAGGGTGGCTTAACAATAAATC,TTCTGAGATTAGGCACATTCAGAGT,NA,0
AMPL903316,chr10,128325974,128325995,128326168,128326190,hg19,GGGGTTATTGAGTGCTTAGGC,TTACCTGCATGTCCTCTGGAAG,NA,0
AMPL903317,chr10,128776861,128776886,128777071,128777094,hg19,GCTCTTCTGTTTCATTCTACGATGT,TTATTACAGGCTCAGGACCACAA,NA,0
AMPL903318,chr10,128850175,128850199,128850362,128850386,hg19,TGAGAAAATCGTCACCACTATCCA,ACTTAGCCTTCACAGCAACACTAT,NA,0
AMPL904577,chr10,129010790,129010812,129010986,129011008,hg19,GCTTGCAGACACCTCGAATTAT,CCAAGCCCTTAACAGAGAAGCT,NA,0
AMPL903319,chr10,129088910,129088935,129089117,129089141,hg19,CCGTATGAATGTTACATAAATGGGC,AAGCAGCTTTATGCAAAATAACCC,NA,0
AMPL903320,chr10,129168037,129168060,129168253,129168276,hg19,TTTTGAATGTGGGATGAAGTGCC,AGAAGATGAAACAGGCAAGGTTC,NA,0
AMPL903321,chr10,129196460,129196481,129196672,129196693,hg19,TCAATCCTGCACCCACATCAG,TGAGTGACAGCATCCCTTCCA,NA,0
AMPL903322,chr10,129248645,129248669,129248827,129248849,hg19,AGTGTTCTGTGATTTCATTCTGGT,GATGTGCAGGAGACTCTCTAGA,NA,0
AMPL903323,chr10,129803094,129803119,129803275,129803299,hg19,GCACCATTTGAATTCTTACCAGCAA,AGTCATTCAAACAGCCAGAAAGTG,NA,0
AMPL903324,chr10,129875055,129875079,129875235,129875259,hg19,TCTGCTTGTCATTGAACCAGAATG,ATTAGTCCCCTTTGTTCTTCCTCT,NA,0
AMPL903325,chr10,131308338,131308359,131308540,131308561,hg19,TCTGCCTGACAAGTCCTGTTC,CAGCGTTTTCCCCAAGGTATG,NA,0
AMPL903326,chr10,131329503,131329524,131329686,131329709,hg19,TATTACTGTGCGGGCTGTTGG,CAAAAGGCAGAAATCAGGCAGTG,NA,0
AMPL903327,chr10,131420369,131420394,131420585,131420608,hg19,GTTTCACAACAGAAGGCGATAAAAG,ACTTCCAGAGCTTTCAAAGTGGA,NA,0
AMPL903328,chr10,131494230,131494252,131494441,131494466,hg19,CATTTCCCAGGAGTGGCTTTGT,CACTCGTTACACTAAGGCATCTATG,NA,0
AMPL904580,chr10,131508511,131508532,131508715,131508735,hg19,TCTTGGAAAGCCCTACAGTGC,AGCAACCACTAACCATCCGC,NA,0
AMPL903329,chr10,131745048,131745073,131745244,131745266,hg19,GGAACCTCACCATTTATTAACTTGC,CGCCATCAGTTACCAAGACATG,NA,0
AMPL903330,chr10,131900225,131900249,131900412,131900436,hg19,CCTTCAGGCAGAAAACAAAATTGA,GCTCAATAAACATAAGCTGGGACT,NA,0
AMPL903331,chr10,132926510,132926535,132926690,132926714,hg19,ATCCAGAAAGAGCATAATGACGAAG,GTTCGTTTTCCCAGATATGAGGTG,NA,0
AMPL903332,chr10,132984269,132984291,132984469,132984493,hg19,CGACGGAACATTATCTTGCGAT,TAATCAGTTTCTCCCCAGTTTCCC,NA,0
AMPL903333,chr10,133030205,133030227,133030379,133030399,hg19,GTAGGAAGTTGAGGAAGCTGCT,AATCGCCTTGGCTAACATGC,NA,0
AMPL903334,chr10,133612411,133612431,133612624,133612645,hg19,ACCCAGACGGTCTTCCCTAA,CCCTCCGGCTTTAGGATTAGT,NA,0
AMPL903335,chr10,133770564,133770592,133770783,133770804,hg19,CAAGACAAATAATACAGAGCTGTACCAA,TTCATCTAGACAGGGTGACGG,NA,0
AMPL904584,chr10,133869417,133869440,133869632,133869654,hg19,AATTCCAGCTGTCATTTTCCCTG,AGGCCAGACTCATCCAGATTTT,NA,0
AMPL903336,chr10,133912296,133912318,133912475,133912500,hg19,CTCCTCTCTCAGAGCTGGATTT,ACATTTGACTTGCATTCTTTCTGGG,NA,0
AMPL903337,chr10,133978762,133978785,133978975,133978997,hg19,CTGCTCTGTCCATGCACATAACA,ACCGCATAGCAGATTTAGCAAA,NA,0
AMPL903170,chr10,134073640,134073662,134073886,134073904,hg19,GAATCAAAGCTGTCCCCAGAAA,TGGATTTCGCGCTGGCTC,NA,1
AMPL903339,chr10,134147509,134147531,134147723,134147748,hg19,GAAACTACTGCCAAACACGCTT,GAACCCTCAACTGTCTAACATCAAA,NA,0
AMPL903340,chr10,134324360,134324389,134324532,134324559,hg19,TCTTCCAAAGACATCATTAAATCGATGAA,AGCCATTTGTACATCGTTTCTTATAGT,NA,0
AMPL903341,chr10,134648368,134648388,134648572,134648592,hg19,CTCCTGCCCCTTCTGCAAAC,CTGAAGCACAAACAGGAGGG,NA,1
AMPL903342,chr10,134725459,134725485,134725640,134725665,hg19,TGACGTTTTACTTCCTAGATTGTTCT,GAGAGAGGAGAGAGAGAGAGATGTG,NA,0
AMPL903343,chr10,134903071,134903093,134903283,134903305,hg19,AATGCATTGTGTGTGCTGGTAA,TACTGAATGTTGGCAAAGGCAT,NA,0
AMPL903344,chr10,134980010,134980034,134980218,134980239,hg19,TGTAGTATGTGTGTGAGTGTGAGG,AACATACCCACCTAGCACACG,NA,0
AMPL903345,chr10,135018957,135018977,135019153,135019178,hg19,ACTCAGACTCTGGGCAGGTT,AAACTTAAAGAAGCCCAATGATGCG,NA,0
AMPL903346,chr10,135232760,135232779,135232962,135232981,hg19,ACAGGACGAAGCTCAGGGA,GCACATAGGCTGCAGGTCA,NA,1
AMPL903347,chr10,135438864,135438888,135439041,135439061,hg19,CTGGGCTAGGTCTTGATAAACAGC,AGATCCTCCACTCCTGTGCA,NA,0
AMPL903840,chr11,373359,373380,373538,373558,hg19,TCTTGGGAATGAGGACCCGAT,CGAATACACAAGTGCACGCA,NA,0
AMPL903348,chr11,683301,683328,683479,683505,hg19,AGTTTCACCTTTCACTTTAGATCGATG,TCGTGACAGTAATCAAGATAGTGTGG,NA,0
AMPL903349,chr11,940249,940272,940435,940457,hg19,GGCCCGTGTCTGAAATTTTAAGA,AGGCAGGAAAATCTACACCAGG,NA,0
AMPL903350,chr11,1152018,1152039,1152225,1152244,hg19,AGTATCTCCAGCTGCTCATGG,CCCATCACCCTCTTAGCCT,NA,1
AMPL903351,chr11,1584534,1584559,1584748,1584767,hg19,CGAGTGTGTGAGTGTATATGAGTGT,AACTCAGTTGGAGCCGTGG,NA,1
AMPL903352,chr11,2002844,2002864,2003023,2003048,hg19,CTCCGTGTGGCAAATGAGGT,GAAGCTCCTTGTGTTGAGTTAAACA,NA,0
AMPL903171,chr11,2492757,2492779,2492974,2492997,hg19,CTAAGCATGGCAGTATCACAGC,CCATACACAAGTACACACACGCC,NA,0
AMPL903354,chr11,2752534,2752554,2752779,2752799,hg19,TGCATGGAGAGAACAATGCC,TGACATGGGAGGAAAGCCCT,NA,1
AMPL903355,chr11,3083051,3083074,3083245,3083269,hg19,CACACCCAGCCACGTAATAATTT,CAGAAACAATCGGGATTTACACAC,NA,0
AMPL903356,chr11,3585465,3585491,3585701,3585723,hg19,CTCGTAGATTGTAACTGGCAAAACCT,GGTCTTAAATGGGGAGCCACTT,NA,0
AMPL903357,chr11,3857635,3857659,3857822,3857844,hg19,ACCTCTTGTCATTCATCCTTCAGC,GGCTCACCTTTTATGGAACACT,NA,0
AMPL903358,chr11,4414040,4414063,4414247,4414269,hg19,CATGTCCATTCCTGCTTAAACCC,CGGTTCCTGTTACTCTGTGTGT,NA,0
AMPL903359,chr11,4961797,4961820,4962010,4962032,hg19,GCTCCTCTTTTATGCTTGTAGGC,AAGAGCTAATGAACAGGGGCTG,NA,0
AMPL903360,chr11,5228046,5228068,5228244,5228268,hg19,CTACTTCATCCCCAACAGAGGA,TTCATCATCCCTTCTTGTCTTTGG,NA,0
AMPL903361,chr11,5228984,5229009,5229211,5229237,hg19,ATCAGAAGGAACCATTGTCCTAGAA,AGACAAATATGATTATGCCTCACCTT,NA,0
AMPL903362,chr11,5230002,5230026,5230199,5230226,hg19,GAACCATTCATCAAGTTTGGAAGC,GGTACTATGTCAAGAAAGAGAAACTCC,NA,0
AMPL903363,chr11,5231067,5231096,5231259,5231280,hg19,GCTTTTGGCTATAATATAAATTGCTGCTA,CAAAATCTGGGCACATGCAGG,NA,0
AMPL903364,chr11,5231984,5232005,5232182,5232206,hg19,ACAGTTCATGTTGTCTGGGCC,CCCTCCTTGGCTCAAGATATCCTT,NA,0
AMPL903365,chr11,5232999,5233022,5233182,5233210,hg19,ATACCACTAATGGGCCTTCAGGT,ATAAATTAGTTCGACCATTGTAGACAGC,NA,0
AMPL903366,chr11,5233956,5233981,5234173,5234198,hg19,TGTCTTTTCTGTAACAGTACCACAC,GTAGGAGAGAGGAGGGATAACATTA,NA,0
AMPL903367,chr11,5235120,5235146,5235306,5235331,hg19,TATATGCTGAACCAATCTTGCTTCTC,GGATTCAACCTCAGCTCATTTTATG,NA,0
AMPL903368,chr11,5235957,5235986,5236172,5236196,hg19,CCATTCAAAAGATTAATGAGTCCAAGAGC,GAGCAGTCCAGGAAGTTATCCATT,NA,0
AMPL903369,chr11,5236988,5237016,5237177,5237204,hg19,CAAGTCTCCAAAATTTTCTACTTCTCAA,AGAGCCATTATCAAGTCTTTCTCTTTG,NA,0
AMPL908201,chr11,5239823,5239845,5240050,5240070,hg19,GGCTATGAATCCTACTGGTCCC,TGACACGGGGTATCACCACT,NA,0
AMPL908202,chr11,5241950,5241979,5242130,5242154,hg19,TTTCATTCATTTCATCTTTCGTCATTGAT,CGAACAAACGGCAAAGAAGTAAAA,NA,0
AMPL903370,chr11,5243029,5243052,5243228,5243249,hg19,CTGGTGTGCCATTTGTTAAGCTT,ATCTCACAGGGAAGTGCCAGG,NA,0
AMPL908203,chr11,5244480,5244513,5244644,5244669,hg19,ATTATTCTTCAACTTTATTGAGGTATCATTCAC,TGGCCGAGAGTAGATCTTAAAAGCA,NA,0
AMPL903371,chr11,5244988,5245017,5245189,5245215,hg19,CACGATGCTGTACATTAGATATCTAGAAT,ACCTGGAGGATGTAAAACTAAGAAAA,NA,0
AMPL903372,chr11,5246043,5246070,5246226,5246251,hg19,CCTTTCAAATTCTTCTCAGTCCTAACT,TGTCTCTGTTGTCTTATAGAGGTCT,NA,0
AMPL903373,chr11,5246959,5246984,5247179,5247203,hg19,GTGGGAGGAAGATAAGAGGTATGAA,GCCTCTTTGCACCATTCTAAAGAA,NA,0
AMPL903374,chr11,5248110,5248136,5248290,5248315,hg19,CCCAGTTTCTATTGGTCTCCTTAAAC,GCCATCTATTGCTTACATTTGCTTC,NA,0
AMPL903375,chr11,5249530,5249553,5249757,5249785,hg19,TAGGGTCTCAGTGTTCCCTAAGG,CCTTCTGATAACTAGAAATAGAGGATCC,NA,0
AMPL903376,chr11,5250656,5250681,5250862,5250887,hg19,CGCAGACTTTTCTTTCTATTACCCA,AGAGTAGAAGCAAGCTCACAATAGT,NA,0
AMPL903377,chr11,5251573,5251598,5251777,5251800,hg19,TTCATTAATATTTCCTCCACTGGGC,TCATCCATCTCTTGAGCTTCAGA,NA,0
AMPL903378,chr11,5252522,5252549,5252733,5252755,hg19,GGTGTAGGAATAGAAGGTATAGTAAGC,ATCAGAAGCAGAGCTACTCAGG,NA,0
AMPL903379,chr11,5253611,5253634,5253815,5253838,hg19,AGATGTTCTGGGGCAAGTAAGAG,AGACCTCAACCCTAAGACATAGC,NA,0
AMPL903380,chr11,5254680,5254704,5254888,5254910,hg19,TTAATCAGTGTGATGATGGGCTGT,TTGTCTCTCCACATGGGTATGG,NA,0
AMPL903381,chr11,5255592,5255614,5255775,5255799,hg19,AACTGCATCCACGTTCACTTTG,AACCCTGCTTATCTTAAACCAACC,NA,0
AMPL903382,chr11,5256600,5256622,5256778,5256804,hg19,TGGCAGACAAATACACACCCAT,CTTTCTCTTTCTCTTCCCTATCCCTT,NA,0
AMPL903383,chr11,5257598,5257622,5257809,5257836,hg19,GGAAGAAAGTGACAATGCCATTTC,TGTTCTGTTCCATTCTGTATTCTTGAC,NA,0
AMPL903384,chr11,5258620,5258647,5258800,5258824,hg19,ATTTTAATCTGTGACCTTGGTGAATGG,TGATTTCTAACCTCTGACCTCCAA,NA,0
AMPL903385,chr11,5259695,5259720,5259905,5259927,hg19,GCTCTCCACAATTCTAATCTCAGTT,GTGAGGAAACCTGGGAAATGTC,NA,0
AMPL903386,chr11,5260544,5260569,5260729,5260758,hg19,AGGTTCCTCAGTTTAGGTCTCAAAC,TTCCTACTAATGTACTTAATCTGCTCATT,NA,0
AMPL903387,chr11,5261524,5261549,5261733,5261756,hg19,ATTTCAGAAGCTGTTAGATGGTAGC,TTCAAACTCCTGTACCCAAGACC,NA,0
AMPL903388,chr11,5262242,5262268,5262405,5262434,hg19,TCTATCAACTTGACTTAACGTGCTGT,TTTAGTGGTAGTGATTTTATTCTCTTTCT,NA,0
AMPL903389,chr11,5263122,5263143,5263330,5263352,hg19,ATAGTGCGTCCTTTTGGCTGA,TGAGTTCCCTGTCCACTATGTT,NA,0
AMPL903390,chr11,5264187,5264212,5264402,5264424,hg19,AGCAACATAACTCTCAAAATCCCAC,TTATGCTCACGGATGACCTCAA,NA,0
AMPL903391,chr11,5265115,5265140,5265331,5265361,hg19,TCCAGTGTGCAGTTTATTTCTCAAG,GAAATTGTGTATTCAATGTAGTCTCAAGAG,NA,0
AMPL903392,chr11,5266156,5266181,5266333,5266360,hg19,CAAGCAATTTCAGGAATAGACAGGG,ACTCTTTGAAATTTAGAGTCTCCTTGA,NA,0
AMPL903393,chr11,5267192,5267218,5267413,5267443,hg19,GAAACTGCATATTGTACCTACAACCA,GTGTTTATATCATGAATAGTATTGCCTTGA,NA,0
AMPL903394,chr11,5268178,5268203,5268375,5268399,hg19,TACAAGGCTAGAGTAAAGCATGTTG,GTAAGGCAGATGAAGAAGGAGAAA,NA,0
AMPL903395,chr11,5269219,5269244,5269407,5269432,hg19,AACATCTGTTTCTGAGAAGTCCTGT,GGAAGTGTGTATGTGTATTTCTGCA,NA,0
AMPL903396,chr11,5270113,5270144,5270347,5270372,hg19,AAAGGATATAAGTTTGTAATGAAGCATTAGC,GGTGGAAATGAGGAAAATGACTTTT,NA,0
AMPL903397,chr11,5271103,5271128,5271330,5271353,hg19,GGTGCTTCCTTTTATTCTTCATCCC,TGGAATGACTGAATCGGAACAAG,NA,0
AMPL903398,chr11,5272407,5272432,5272604,5272629,hg19,CCTTCATGATCCTGTGTAAAGCTTA,CAAGGGGTAGATTATTTATGCTGCC,NA,0
AMPL903399,chr11,5273559,5273584,5273764,5273789,hg19,ATATAAGAACTCCAGTGAATCTGCC,AATCCCATACCCTTAAGTCTACAGA,NA,0
AMPL903400,chr11,5274792,5274816,5275018,5275045,hg19,AGTTGTTCTTCTTGCAGCACTAGT,ACTTATATCCTTTAATTCCAGATGGGG,NA,0
AMPL903401,chr11,5276077,5276103,5276259,5276281,hg19,ACTGGATACTCTAAGACTATTGGTCA,TGGAATGACTGAATCGGAACAA,NA,0
AMPL903402,chr11,5277197,5277221,5277381,5277402,hg19,TTTTCTCTGAACTCGATCCATGAC,TCTTTCTGGTCTTTTAGCCGC,NA,0
AMPL903403,chr11,5278074,5278096,5278258,5278286,hg19,TCCCAGCCTCTAAACAAGTGAA,GAGGAATAAGACAGTTATGGATAAGGAG,NA,0
AMPL903404,chr11,5279079,5279108,5279264,5279286,hg19,ATCTAAATCTAGATATAGCTCCCTAAGGG,CAATGTACTTCTGCTGCCTCCC,NA,0
AMPL903405,chr11,5280200,5280225,5280374,5280396,hg19,ATATTCTTGGGAGTTCTAGGGTGCC,TACAACCACCTGCTCCAATGGA,NA,0
AMPL903406,chr11,5281173,5281202,5281354,5281377,hg19,GGAAAACTTATCCAGGGAAATAATCAAGG,AGGTTACCTGGTAGTTTCACCTC,NA,0
AMPL903407,chr11,5282115,5282147,5282329,5282359,hg19,TACTACTAGACTAGACAGCAACATAATAATAG,TAAAAATTTATTGAGGCTTGTTTTGTGGCA,NA,0
AMPL904629,chr11,5283315,5283342,5283549,5283576,hg19,GACCATCTGATCTTTGACAAACATCAC,TGCTTTTGATGTTTTAGTCGTGAATTT,NA,0
AMPL903408,chr11,5284209,5284233,5284457,5284478,hg19,GGCCATCAGCGATATAATGGATAA,ATCCCTCTCCTAACCCCCTCA,NA,0
AMPL903409,chr11,5285107,5285130,5285278,5285309,hg19,TACAGGGCTCTAGCTTAAGTCAG,TCTCTCTTTCTCTATCTTGTAGAATACTGTC,NA,0
AMPL903410,chr11,5286168,5286197,5286361,5286383,hg19,GGCTGAAAGTAATCATATAAGACACAAAC,ACTTGCTTGTTTATTGGGCTCT,NA,0
AMPL903411,chr11,5287207,5287234,5287379,5287406,hg19,GAAAAGGGAACTCTTTCTTACACACTG,AGTGCTTCAATAAACATGAGTGTAATG,NA,0
AMPL903412,chr11,5288208,5288235,5288417,5288439,hg19,CAGCCAAATTCAAAAGTAATTCACAGG,CTGGTGACTCTCATGTGTGAAG,NA,0
AMPL903413,chr11,5289201,5289231,5289389,5289414,hg19,TCTAGCCTATATCTTGGATATCTATGAAGT,CCAAGGAGGATGATATGATGGAGAA,NA,0
AMPL903414,chr11,5290074,5290098,5290297,5290327,hg19,ACCAGTATTATTGGGTTCCCTCTC,GTCATGATAATTGAGGTTTAGAAAGAGATT,NA,0
AMPL903415,chr11,5291090,5291114,5291308,5291331,hg19,CAGCCTTCTCCTCAGCAGTAAAAT,CTTAGTGTCCATCCATCACTGCT,NA,0
AMPL903416,chr11,5292210,5292239,5292404,5292427,hg19,CTGCCCTTATAATACCATTGTCATTATCC,GGATGTAGAACAAGCCAGAAGGA,NA,0
AMPL903417,chr11,5293076,5293103,5293265,5293293,hg19,TTATTCCAGGCCACTGAATTTCTACTC,AGTGTAATTAAACTTAGCACTCCTATGT,NA,0
AMPL903418,chr11,5294150,5294175,5294329,5294354,hg19,TAAGATACAGCTCTGGGTTTTCAGG,TGAATGGGAAGAATGATGGGATTAC,NA,0
AMPL903419,chr11,5295167,5295192,5295332,5295358,hg19,GATTCTTGTTAAGTAAAGTAGGCCC,GCTAATTTAGAATCCTAAGCAGCTCT,NA,0
AMPL903420,chr11,5296077,5296098,5296290,5296319,hg19,AGCCAGTTATGCCACACTTTC,CTTAGTTCATAAATACATTAGGCAATGCA,NA,0
AMPL903421,chr11,5402443,5402470,5402664,5402685,hg19,TTTGCACATTAACAAATAGGTACACTG,TGATGGGGACAATGAAGGAGC,NA,0
AMPL903841,chr11,5470650,5470673,5470851,5470875,hg19,ATGAAAGCATTAGACTGGGCAAG,ACCTTTGAAACTTGGAGTCACAGA,NA,0
AMPL903422,chr11,5721152,5721176,5721379,5721404,hg19,AATTCTTCATTGCTGGCACATAGA,TTCTAGCCTGGGTAACAGTAAGAGA,NA,0
AMPL903423,chr11,6053140,6053164,6053356,6053379,hg19,GGGAGACATAAATGGAAGGGCTAG,CAGCTCCCTTCATTCTGGTTTCT,NA,0
AMPL903424,chr11,7100076,7100100,7100282,7100304,hg19,CCCTCCCTACTACTGAAGAATTGT,TGCAAATCCCTATCTCCTCAGG,NA,0
AMPL903425,chr11,7458054,7458079,7458234,7458259,hg19,CTAGTGTCTAACAGGAAGAGGAACC,CACTGCTTTCACCAGATATTATGCT,NA,0
AMPL903426,chr11,8095774,8095797,8095988,8096012,hg19,AGCTAAGAGGAGGTTCAAACACC,GCACCCAGCCTTATAGAGAATTTT,NA,0
AMPL903427,chr11,8459217,8459247,8459387,8459416,hg19,TCTAACTCATGAACATTTTCTGAATAAGTC,TAAGAGTTTGCAGAACAATATGATACTGA,NA,0
AMPL903428,chr11,8808130,8808152,8808304,8808324,hg19,GGAGGTCTCTTGAAACCAGGAC,TGGCGCAGTCAAGATCACTG,NA,0
AMPL903429,chr11,9192551,9192576,9192754,9192776,hg19,AAACAGGTAACAAATGAGGTAACCC,TTACTTGCGTGAACTGACCCAT,NA,0
AMPL903430,chr11,9770280,9770302,9770461,9770484,hg19,CAGTTCAGGGTGGATTTGGAGT,TTGTACAGAGTGAAAACGGGTTC,NA,0
AMPL903431,chr11,10114750,10114773,10114956,10114982,hg19,GACAGTTTTGCCATGTTGACCAA,GCAGCTTATTCTTTCAAGATTGGAAG,NA,0
AMPL903848,chr11,10378227,10378252,10378438,10378460,hg19,AAGTTTCATTGTTCAGCTAGTCACC,ACAGGCAAGATACCCAAAATGG,NA,0
AMPL903432,chr11,10697995,10698018,10698198,10698223,hg19,ATTGGAGCTATGACACTGGACTG,TAGATGTATTCTCAGGTGACCTCTC,NA,0
AMPL903850,chr11,11277470,11277496,11277689,11277710,hg19,CCCAACACCTCGATTCTATATGTAGT,CTCTCTTGAACCATCGGCAAG,NA,0
AMPL903433,chr11,11386484,11386514,11386706,11386728,hg19,ACGGGATTTATTTTACTATCTCACTGTTTT,CAACACACATGAAGGCCTGTAG,NA,0
AMPL903852,chr11,11543795,11543819,11543987,11544011,hg19,CCTACAAACTCTATGCCCCATCTC,GCTTTGGGTCAGAAACAACTACAA,NA,0
AMPL903434,chr11,12229020,12229044,12229219,12229243,hg19,TTTTGAAGTGTGGGTAAGAGATGG,ATGATGCTGTAACAAGAGAAGCTC,NA,0
AMPL903435,chr11,12472491,12472519,12472687,12472710,hg19,CTAACTCAAAATGTTAATCTCCTCTGGC,GGTCTAGTGGAAAGAAAGAGCCA,NA,0
AMPL903436,chr11,12944127,12944151,12944299,12944332,hg19,GACTCAGGTCTTAGTGGTTAGTGC,AACTAATTTCTGTATTTCTAGTAGTAACAGGGT,NA,0
AMPL903437,chr11,13881258,13881283,13881468,13881490,hg19,TGGTGGTACCCATTTTCTAAAGTTG,ACATTGCCTTTCAGAGCCATCA,NA,0
AMPL903438,chr11,14184407,14184434,14184585,14184611,hg19,CCCTAGCTCTGTCAGTGTTTATAATAC,CAGTGAATGTGAGGATAAGATGAGTG,NA,0
AMPL903439,chr11,14807285,14807305,14807491,14807521,hg19,CTTGCCTGATGCTACCCTGT,CAGGATAGTAATGTCTACCTTATTATGGGC,NA,0
AMPL903440,chr11,15687757,15687781,15687974,15688000,hg19,TTTGAGGACAACATGGCAAAACTC,TATCCCTGATGTTTGTTTGTTTGTTT,NA,0
AMPL903441,chr11,16329441,16329466,16329636,16329658,hg19,AGTCTTCTAATTTCTGCACTCCCAA,GTGAAGCACTTACGGACAAAGC,NA,0
AMPL903442,chr11,16846356,16846379,16846538,16846560,hg19,ACCTACATTACATTACCCCTGCC,TTCCCAACTGAGAATGACCAGG,NA,0
AMPL903856,chr11,17433747,17433771,17433956,17433978,hg19,TCTCATGTTTGATGGCTAGTGGTT,AGGCAAGCTGTAGTTATAGGCT,NA,0
AMPL903443,chr11,17561712,17561733,17561929,17561952,hg19,ATGCCTGACATGTAAAGCGCT,CAACTTTTGGAGGAGAAGGAGCA,NA,0
AMPL903444,chr11,18026332,18026356,18026530,18026554,hg19,TCGTATTGGGATGGGAGGATAGTA,TTCCTATGTGTCAGCCTAGAATGA,NA,0
AMPL903445,chr11,18563853,18563877,18564062,18564085,hg19,GGGTTTTGAGTTTGAATGAGCCAT,AGTGCTAGAATGAGTCAGGCTAT,NA,0
AMPL903446,chr11,19288249,19288276,19288488,19288509,hg19,ATCTACAAATTCATCTTGATGCTGTCA,AACCCCGTCTCTACCAACCTG,NA,0
AMPL903447,chr11,19530756,19530779,19530945,19530968,hg19,TCTGTGCCAACTCATTCACTTTC,CCCTTGCTCAAACTCCATAATGT,NA,0
AMPL903448,chr11,19838311,19838333,19838518,19838545,hg19,TCCATTGTTTGTGGTTGGCATC,CTGATTTATCTGGGAGAAGTAGATCCA,NA,0
AMPL903449,chr11,20090777,20090802,20090987,20091011,hg19,TGCACAAAGGTTAAGGAGAAAGATC,CTTACTTAAAACGCACTGAGAGGT,NA,0
AMPL903857,chr11,20792228,20792253,20792422,20792445,hg19,TTTAGGACAGTGGAAATAAAGGAGC,TTGCTATCAGAAGGAGGGGAAAA,NA,0
AMPL903450,chr11,20956230,20956254,20956444,20956469,hg19,TTAGCAGAACTGTCACTTTGGAAC,CCTTTCCTCCCTTCAGTAAACAAAA,NA,0
AMPL903451,chr11,21239166,21239191,21239349,21239373,hg19,ATAGGAAAAGTGCCTTACATGCTTC,CCTGACAAACATTTCTACTGTGGC,NA,0
AMPL903452,chr11,21559983,21560007,21560170,21560193,hg19,GCAGAGGCAGATAGAGTCACTATT,ACAGAGTGCATTGTACCCTACAG,NA,0
AMPL903453,chr11,21995244,21995268,21995425,21995450,hg19,TTCTAGCAGAGTATATGGCAACCC,GCTTTGGACATAAAGTGAGGTCTAA,NA,0
AMPL903454,chr11,22694301,22694326,22694510,22694538,hg19,AGGCATATAGGAATCTTAACCAGCT,GCTTTCAATACACCTTGTCATACATTAT,NA,0
AMPL903455,chr11,22954356,22954383,22954539,22954560,hg19,CAACTGTTGTTTATGTTCATGATCAGC,ACATGGTCCACTTCACCTGTC,NA,0
AMPL903456,chr11,23085753,23085776,23085973,23086002,hg19,GTTGTACTTCTAAAGCCACACCT,CCCGAATAAATATCCAGAAAATTATGCTG,NA,0
AMPL903861,chr11,24733086,24733109,24733285,24733309,hg19,GCCTGGCTGTGAAAGATGATTAT,GGAATTTATGAGAGGGAAAGGCAA,NA,0
AMPL903457,chr11,24802033,24802059,24802211,24802238,hg19,CCAGGCATCTTACTCATTTACTTCAC,GCATGTAAAACTCTTGGTAATATGGAG,NA,0
AMPL903458,chr11,24971074,24971099,24971272,24971294,hg19,ATGGACTGTGTATTCTTTGCTATGC,TCTCCAACTCGAACCTTCTGAG,NA,0
AMPL903459,chr11,25056042,25056067,25056231,25056253,hg19,GCCAATGTCAGAAGAGTATTTTCCA,GCCAACACAAACTTTCAATGGG,NA,0
AMPL903460,chr11,25835798,25835820,25836006,25836033,hg19,CATGTCTGAGCACTGCCATAAG,GAGATCATCCTGGAAAGAATACTTGAG,NA,0
AMPL903461,chr11,26417384,26417409,26417595,26417617,hg19,AAACCCTAAGAATACCTAGGCAGTA,AGTTCTGGATATTAGCCCTGCA,NA,0
AMPL903462,chr11,26608704,26608727,26608889,26608916,hg19,TGGAACCCACTATTTATGCCAGA,GTTCTCTCAGGTATGTAAATGGATGTG,NA,0
AMPL903463,chr11,27071123,27071153,27071306,27071330,hg19,TTTATTTCTGTTGAGTTGTTTGAATTCCTC,TTGTAAATCATACATCTGAGGGCC,NA,0
AMPL903464,chr11,27623454,27623478,27623634,27623661,hg19,TAATGGAGGTGACAACATGGAGAG,TATTTATTCTGCCCTGTCTTGACTTTC,NA,0
AMPL903465,chr11,28421794,28421819,28421975,28421998,hg19,TGTGGCAGTCATATACCATACAAAG,TGTTTATCTGAGGTGCTGGACTC,NA,0
AMPL903466,chr11,28655899,28655923,28656111,28656133,hg19,TAGGGGTGGTAATGACTTCTGTTT,TCATTTGTTGGTTGTCACTGCC,NA,0
AMPL903467,chr11,29530084,29530106,29530277,29530299,hg19,CATTGTGTGGTGGGAAATGGTG,AGCTGTCCATCTTCTTTGCATG,NA,0
AMPL903862,chr11,30162591,30162615,30162806,30162828,hg19,CCTATTGCTGTATGACCAATTCCC,GAGCCCTGAGTAACTGAATCCT,NA,0
AMPL903468,chr11,30750826,30750851,30751043,30751069,hg19,CTGTAGAGTGGACAGTCTTATCTGA,GCCACTAGGGAATTAGTACATCAAAA,NA,0
AMPL903469,chr11,31430997,31431026,31431192,31431218,hg19,CACAGATTAAATGTACCTAAATTGGGATT,GGAACCATAAATGTCTATCAACTGCA,NA,0
AMPL903470,chr11,32459032,32459058,32459232,32459254,hg19,CCGCCTATTATTTCTACTTGGAAGTC,GCCTTACCTGGGTTTCACAAAC,NA,0
AMPL903471,chr11,32652038,32652060,32652211,32652233,hg19,CGTCACCACATCTGCCTAAGTT,GAAGTGGGCATGGTTATGTACC,NA,0
AMPL903472,chr11,33084815,33084841,33085000,33085022,hg19,GCTTCTGTGAATATTCCAGTACAAGT,AAAATTCAGCAGCACAGACTGG,NA,0
AMPL903473,chr11,33525248,33525271,33525437,33525459,hg19,TTCTGAGGGTTCCTTTACTTGGG,GCTGAATAATGAAAGTGGGGCT,NA,0
AMPL903866,chr11,34312062,34312084,34312272,34312294,hg19,TCATCTAGACATCAAGGGCAGG,TTGTTCCATGGTGTTTCTGCCT,NA,0
AMPL903474,chr11,34776347,34776372,34776532,34776555,hg19,CCACCTTATTTGCCTTCTTTCACAA,AGCAGCATAATCTCCGTTAGTCA,NA,0
AMPL903475,chr11,34931829,34931853,34932045,34932068,hg19,TGTTTCAATAGACTGGGTGTGGAA,AGACCTCTGCTTTCCTGTATGTT,NA,0
AMPL903476,chr11,35295090,35295114,35295274,35295299,hg19,GGCTTATATGACCCAGAAGAAGCT,GCCTGTGCCATAAGTAAATGAAACA,NA,0
AMPL903477,chr11,35537355,35537380,35537554,35537578,hg19,CAGACAGATGTATGCCAAGTCTTTT,TCATATACTCCTCCCCTTCCTTCT,NA,0
AMPL903478,chr11,36206622,36206646,36206807,36206834,hg19,AGATGGTTTGCATATATAGCTCGC,CATTTGAGATACCTGGAAACACTCTAG,NA,0
AMPL903479,chr11,36760821,36760843,36760999,36761025,hg19,CTGCATACCACAGATCTCACCT,CTATTACCACCAACATTTAGGGAAGC,NA,0
AMPL903480,chr11,39755186,39755210,39755374,39755398,hg19,AAACTCTCCATTTCTTCCCAACAG,CCTTGTACCTTATGGCTTTTGTGA,NA,0
AMPL903867,chr11,40371908,40371933,40372107,40372135,hg19,CTAGTGTATGTTCTTGGTGCCTTAA,CACAAAACATTAAGAATAGCTAAAGCCA,NA,0
AMPL903481,chr11,40475351,40475373,40475522,40475551,hg19,GTGGGGTGAGAAATCACTGTAC,GTCTTTGCTGTTTGTAGCTATACTATTTT,NA,0
AMPL903482,chr11,40687066,40687090,40687243,40687271,hg19,GCATACCATGACTCTTTCAGAGAA,TGATATTGTTAAATTGCTCCTCAAAAGC,NA,0
AMPL903483,chr11,41060468,41060497,41060693,41060713,hg19,ACAGAAGCTTTAGTTTAATTAGATCCCAC,TCCATAACTGCCCAGCCATA,NA,0
AMPL903484,chr11,41459493,41459519,41459664,41459687,hg19,AAGGAGAATAACTTGAACCTGTGAGC,CATTTCCCCAGTGCTGTAAACTC,NA,0
AMPL903485,chr11,41823125,41823150,41823326,41823356,hg19,TAACTGTTTAACCCAACTGAAGGGC,AGTGATCAAATAAAAGCAATATACCTCTCT,NA,0
AMPL903486,chr11,43508636,43508669,43508874,43508901,hg19,TTATTTATGTTCTTTTGTGTGTCAGATATTAGC,CAACACACTGAAAACCCGTCTATACTA,NA,0
AMPL903487,chr11,43906907,43906932,43907095,43907120,hg19,CTCAGGGAAACATTATAGACGATGC,CAATTGTGTCAGATCCTTCTCAGAG,NA,0
AMPL903488,chr11,44248647,44248670,44248853,44248876,hg19,GCCCGTGATTTCATAACTGAACG,TGGGCTGCATTATCTAACTTTGT,NA,0
AMPL903489,chr11,44872485,44872509,44872686,44872707,hg19,GTGGAATACCTCTGTCTCCTTACA,TTCTCTCCACGCACTCACATC,NA,0
AMPL903868,chr11,45284676,45284701,45284882,45284908,hg19,GTAATAATCCAGGCAGAGACAGATG,CCTAGCATCTTTGGTAAGGTTAAACG,NA,0
AMPL903490,chr11,46750498,46750523,46750706,46750728,hg19,TTGGAGTGAACCCAAAAGTTCTTTT,GTGAAACCCACCAGTCTCTACT,NA,0
AMPL903905,chr11,48110914,48110939,48111108,48111136,hg19,GAAAACTATCCAGGCATAATGGTGC,AGGTGATAGGTACAGGCAATATTTATTT,NA,0
AMPL903491,chr11,48162215,48162237,48162413,48162443,hg19,GGACCATCCCACTAGATGTGCA,CACACAATACAGACTAGATATCAAAGACTT,NA,0
AMPL904997,chr11,49408200,49408229,49408413,49408442,hg19,AACACTGTTGTAAGAAAGTAAAACTCAGG,TCAATACAATTATCTCTAGCCATATTGGG,NA,0
AMPL903492,chr11,50376315,50376339,50376502,50376525,hg19,CAGTGTAATTCACAGGGGTACAGG,AAATCACATGAACCTGGGAGGAC,NA,0
AMPL911294,chr11,51515946,51515969,51516162,51516184,hg19,CCCTAAGGACTCATAGCTTGGAG,ACTACACAATTTCCTGATGGCA,NA,0
AMPL911295,chr11,59829963,59829986,59830155,59830180,hg19,CAATGATTCTGGCTTTGGGTGTC,GCAACCTTCCAATAACCTACAAACA,NA,0
AMPL401149,chr11,65222751,65222772,65222964,65222987,hg19,GGAGCTGCACACTCTTGAAGT,GCTTCATTCTGTAAGGGAGAACC,NA,0
AMPL911297,chr11,70829722,70829744,70829933,70829953,hg19,CAAACCTCAAGACCCCAGACTG,TGACGGCAAGTTCCTGGATG,NA,0
AMPL911298,chr11,76183757,76183780,76183937,76183962,hg19,GTCCTCTCTGGTCAGTAATAGCA,GAGAAACATACCCACCAAGTTTTCT,NA,0
AMPL911299,chr11,82443538,82443557,82443720,82443739,hg19,CGTCGGATCTCCAAAGGCT,ACCTTGAACGAGCCCTTGA,NA,1
AMPL911300,chr11,87006573,87006598,87006801,87006831,hg19,CTCTCTTCAACCTGCCTATTTGAGA,CCTTGCACCTAAAACAATAAGAATTTACAA,NA,0
AMPL911301,chr11,92088079,92088104,92088262,92088288,hg19,CAGCTTTCATTCCCAGTAGCTATAG,GCTGTTTCTCATAATCAAGCTCTTTG,NA,0
AMPL911302,chr11,99690340,99690365,99690519,99690546,hg19,TCATCTTCATCTCTCTTTGGTTCCA,CTTCTTTGCCTCCTTTATTCTATCTGG,NA,0
AMPL904999,chr11,101828082,101828107,101828262,101828289,hg19,CTATATGGTAGTCTCATCCCCATCC,ACAGAAGCGTACCCTTAATATAGAGTC,NA,0
AMPL911303,chr11,102593128,102593153,102593333,102593358,hg19,ATGAGTGTATCCTGAAACCCTAGAG,CTACAAGGAAGAATGGCACTAATGT,NA,0
AMPL905000,chr11,107113399,107113422,107113603,107113627,hg19,AAGAGAAAGGAAGACTGATGCGA,CATGAAAGAGGTGGAAAAGAGACC,NA,0
AMPL911304,chr11,107948739,107948767,107948942,107948967,hg19,TATGACAAAGAACTTGCTAAAGTCTTTG,CCCTTCTGCTTCAAAGGTAATTCAA,NA,0
AMPL911305,chr11,113283376,113283397,113283562,113283583,hg19,GGCATGGTCTGGATCTCAAAG,AGCTGGAGATGGAGATGCTCT,NA,0
AMPL911306,chr11,118651623,118651646,118651823,118651851,hg19,AGGCTAAGAGAACTAACTGCTGA,GGATCTAAGAATCAAAACTTCGGTAAGT,NA,0
AMPL911307,chr11,124015800,124015826,124015994,124016017,hg19,GCAAGTAGTATCTGGAGGTAAAGAGA,CACTTCAAGTCCTTACCATTGCT,NA,0
AMPL903493,chr11,129709203,129709227,129709383,129709410,hg19,GAAGTGTTGAGATGAGGTCTTCAC,GCAAATTCCCCAACTTTCTTATTTCAA,NA,0
AMPL903494,chr11,129940700,129940726,129940934,129940956,hg19,AGTTCAAGCACCACTTCGAGAA,TGTAAACTGTTGGAAAAATCGTCCTC,NA,1
AMPL903495,chr11,130755379,130755403,130755580,130755605,hg19,GACCATGTCTAATCCAATTAGCCA,GGAAGGAATGGACCTGTTATTTTCC,NA,0
AMPL903496,chr11,131298357,131298380,131298558,131298583,hg19,ATCCTATGAGACCTGCTTTGGAT,GTCAGAAATTGTGCTAAGAGGTTGA,NA,0
AMPL903497,chr11,131884742,131884769,131884956,131884981,hg19,TCACTCTGTTGATTGTTTCTTTGGTAG,GACCCCATCACTCATCATATCAAAA,NA,0
AMPL903498,chr11,132487858,132487885,132488065,132488087,hg19,GTACCAAGTAAGATAACTCCAGCTTCT,CGTTGTGTTCATTCTGTCTGCT,NA,0
AMPL903499,chr11,133154265,133154287,133154453,133154478,hg19,AATGTCAGAAAGCAAAAGCGGG,CCAGTTTCTCTTGAGTAAAAGTCCG,NA,0
AMPL903500,chr11,133786481,133786502,133786658,133786680,hg19,GAGAGAAACGATGGTCCCTCA,TAGACTAGCTCTCACCCCAGCT,NA,0
AMPL903501,chr11,134309268,134309292,134309454,134309475,hg19,GGAAAATGCTCTGAGTCATCACAT,ACACTACACCACATGAGGGCA,NA,0
AMPL903929,chr11,134876715,134876738,134876895,134876919,hg19,CACCTCACTTTGGCATGACCTAA,GTGCTAGATGCTCCAATCCTTACA,NA,0
AMPL911280,chr13,88014331,88014361,88014558,88014581,hg19,TGTTTACTGCTATTTCCTTGGTAATATACA,AACTTGATCTTCCCACTCAATGG,NA,0
AMPL911241,chr13,92408467,92408500,92408641,92408662,hg19,TATGTATAACAATACATATCATTTTTGATGGCC,TCTTCTCCATTCCAGCAGGGA,NA,0
AMPL911281,chr13,97639337,97639360,97639521,97639544,hg19,GTCAGAGTGTGGATAATCGTGGT,TGTGGATCATTTCACTGGTAGCT,NA,0
AMPL911242,chr13,103384624,103384648,103384824,103384850,hg19,TCCTGAGACATCTTTACTCCACGA,ATTCATATGTTCCTCTTTCTCCCAAA,NA,0
AMPL911243,chr13,110819310,110819334,110819492,110819516,hg19,TGTCTTTACACTGGCATCCATAAG,CAGGATTTCAAGGTAAGACAGCAC,NA,0
AMPL911244,chr13,114773003,114773027,114773192,114773213,hg19,CCTTACCCTTCTTTAAGCACGATG,TCACTTGCCCAGATTCTGTCT,NA,0
AMPL911282,chr15,76438072,76438097,76438272,76438296,hg19,CTCTAGACATTGTTTGGTTTGGGAA,ACTTCACTTTTCCACCATTGAGTG,NA,0
AMPL911245,chr15,78207429,78207454,78207625,78207647,hg19,TGACCAGCTCTTAGAAGATGATGAT,ATGAAGTGAGCCTGGACAACAA,NA,0
AMPL742485,chr15,83215164,83215186,83215356,83215378,hg19,CAGGGACTTCATAGACATCGGA,AATATCCCGCATTCCTGTGTGT,NA,0
AMPL911247,chr15,89436203,89436224,89436387,89436410,hg19,ACCTTGGCAGTGGATAGTTCC,TCCCCAAATGCTGTAGGATTACA,NA,0
AMPL911248,chr15,94883962,94883984,94884152,94884178,hg19,TACCATAAGCTCCTGATGCGTG,CAAAAGAATAGAAGGTCCCACTTACG,NA,0
AMPL911292,chr15,101910291,101910318,101910529,101910549,hg19,ACTTCTCTCTGAAAAGGAAAGTTTTCC,TGGCAAAGAGGTAAGGCGAG,NA,0
AMPL911249,chr16,114841,114861,115072,115096,hg19,TCATGGTGAGGGTACTGGAC,TGCAATGAATCTTCAGATGTCAGC,NA,0
AMPL911250,chr16,1604815,1604838,1605053,1605073,hg19,TACAGAATTGGCCCATACACCAA,TTCCACGATAGCAGGTGTGC,NA,0
AMPL911251,chr16,3075944,3075968,3076149,3076170,hg19,TCAGAAGCCAAAGAGGAAAGTAAG,TACCTTCTTGAGCATCTCCGC,NA,0
AMPL911252,chr16,4500339,4500362,4500558,4500578,hg19,TGTGAGTTCTTTCCAAAGCTTCC,AACATGCTGCCCTGAATTGT,NA,0
AMPL911253,chr16,6533392,6533416,6533573,6533596,hg19,ACTGGAGTCATTTACATTGCTAGC,TCTTTCTCTCCTTCCCTGACAGT,NA,0
AMPL911283,chr16,7294672,7294694,7294867,7294892,hg19,GCAACTTGTGGGTACTTTCCAG,CGGAGCTTTTCTTACAGTAGAGGAA,NA,0
AMPL399608,chr17,7572842,7572865,7573025,7573048,hg19,GGTTCAAAGACCCAAAACCCAAA,ATGTGATGTCATCTCTCCTCCCT,NA,0
AMPL399609,chr17,7573856,7573880,7574076,7574105,hg19,AATGGAATCCTATGGCTTTCCAAC,TTGTAACTTGAACCATCTTTTAACTCAGG,NA,0
AMPL401466,chr17,7576478,7576511,7576680,7576706,hg19,CTATGATGTTCCTTAGATTAGGTGTATTAAATC,GCTAACTAACTTCAGAACACCAACTT,NA,0
AMPL399611,chr17,7576757,7576778,7576936,7576961,hg19,TGCCCCAATTGCAGGTAAAAC,TTCACTTTTATCACCTTTCCTTGCC,NA,0
AMPL401468,chr17,7576969,7576990,7577175,7577199,hg19,CATAACTGCACCCTTGGTCTC,GATTTCCTTACTGCCTCTTGCTTC,NA,0
AMPL401469,chr17,7577380,7577404,7577608,7577629,hg19,ATGAGAGGTGGATGGGTAGTAGTA,TGGGCCTGTGTTATCTCCTAG,NA,0
AMPL401470,chr17,7578078,7578100,7578290,7578315,hg19,AAATAAGCAGCAGGAGAAAGCC,TCTGATTCCTCACTGATTGCTCTTA,NA,0
AMPL401471,chr17,7578334,7578353,7578554,7578577,hg19,AACCAGCCCTGTCGTCTCT,CTGTCTCCTTCCTCTTCCTACAG,NA,0
AMPL401472,chr17,7579272,7579295,7579482,7579502,hg19,ATTGAAGTCTCATGGAAGCCAGC,AAGCTCCCAGAATGCCAGAG,NA,0
AMPL401473,chr17,7579503,7579523,7579721,7579745,hg19,CATCTGGACCTGGGTCTTCA,TGACTTTCTGCTCTTGTCTTTCAG,NA,0
AMPL401474,chr17,7579757,7579777,7579934,7579955,hg19,TTTTCGCTTCCCACAGGTCT,CTTTTCCTCTTGCAGCAGCCA,NA,0
